Slit #,VB#,IFU Fiber,IFU Fiber,Row,Column,X (arcsec),Y (arcsec)
,,18,18,1,1,8.5002802943,13.0870376429
,,17,17,1,2,8.5002802943,11.4511579376
124,4,16,16,1,3,8.5002802943,9.8152782322
96,4,15,15,1,4,8.5002802943,8.1793985268
95,4,14,14,1,5,8.5002802943,6.5435188215
172,6,13,13,1,6,8.5002802943,4.9076391161
171,6,12,12,1,7,8.5002802943,3.2717594107
170,6,11,11,1,8,8.5002802943,1.6358797054
197,7,10,10,1,9,8.5002802943,0
196,7,9,9,1,10,8.5002802943,-1.6358797054
63,3,8,8,1,11,8.5002802943,-3.2717594107
64,3,7,7,1,12,8.5002802943,-4.9076391161
65,3,6,6,1,13,8.5002802943,-6.5435188215
142,5,5,5,1,14,8.5002802943,-8.1793985268
141,5,4,4,1,15,8.5002802943,-9.8152782322
140,5,3,3,1,16,8.5002802943,-11.4511579376
,,2,2,1,17,8.5002802943,-13.0870376429
,,1,1,1,18,8.5002802943,-14.7229173483
,,35,35,2,1,7.0835669119,12.2690977902
123,4,34,34,2,2,7.0835669119,10.6332180849
97,4,33,33,2,3,7.0835669119,8.9973383795
169,6,32,32,2,4,7.0835669119,7.3614586741
173,6,31,31,2,5,7.0835669119,5.7255789688
199,7,30,30,2,6,7.0835669119,4.0896992634
208,7,29,29,2,7,7.0835669119,2.453819558
209,7,28,28,2,8,7.0835669119,0.8179398527
210,7,27,27,2,9,7.0835669119,-0.8179398527
211,7,26,26,2,10,7.0835669119,-2.453819558
212,7,25,25,2,11,7.0835669119,-4.0896992634
195,7,24,24,2,12,7.0835669119,-5.7255789688
66,3,23,23,2,13,7.0835669119,-7.3614586741
92,3,22,22,2,14,7.0835669119,-8.9973383795
143,5,21,21,2,15,7.0835669119,-10.6332180849
139,5,20,20,2,16,7.0835669119,-12.2690977902
,,19,19,2,17,7.0835669119,-13.9049774956
,,53,53,3,1,5.6668535295,13.0870376429
122,4,52,52,3,2,5.6668535295,11.4511579376
98,4,51,51,3,3,5.6668535295,9.8152782322
168,6,50,50,3,4,5.6668535295,8.1793985268
175,6,49,49,3,5,5.6668535295,6.5435188215
200,7,48,48,3,6,5.6668535295,4.9076391161
207,7,47,47,3,7,5.6668535295,3.2717594107
225,8,46,46,3,8,5.6668535295,1.6358797054
226,8,45,45,3,9,5.6668535295,0
227,8,44,44,3,10,5.6668535295,-1.6358797054
229,8,43,43,3,11,5.6668535295,-3.2717594107
214,7,42,42,3,12,5.6668535295,-4.9076391161
194,7,41,41,3,13,5.6668535295,-6.5435188215
67,3,40,40,3,14,5.6668535295,-8.1793985268
91,3,39,39,3,15,5.6668535295,-9.8152782322
144,5,38,38,3,16,5.6668535295,-11.4511579376
138,5,37,37,3,17,5.6668535295,-13.0870376429
,,36,36,3,18,5.6668535295,-14.7229173483
121,4,70,70,4,1,4.2501401471,12.2690977902
99,4,69,69,4,2,4.2501401471,10.6332180849
167,6,68,68,4,3,4.2501401471,8.9973383795
176,6,67,67,4,4,4.2501401471,7.3614586741
201,7,66,66,4,5,4.2501401471,5.7255789688
205,7,65,65,4,6,4.2501401471,4.0896992634
224,8,64,64,4,7,4.2501401471,2.453819558
239,8,63,63,4,8,4.2501401471,0.8179398527
238,8,62,62,4,9,4.2501401471,-0.8179398527
237,8,61,61,4,10,4.2501401471,-2.453819558
230,8,60,60,4,11,4.2501401471,-4.0896992634
215,7,59,59,4,12,4.2501401471,-5.7255789688
193,7,58,58,4,13,4.2501401471,-7.3614586741
68,3,57,57,4,14,4.2501401471,-8.9973383795
90,3,56,56,4,15,4.2501401471,-10.6332180849
145,5,55,55,4,16,4.2501401471,-12.2690977902
136,5,54,54,4,17,4.2501401471,-13.9049774956
120,4,88,88,5,1,2.8334267648,13.0870376429
165,6,87,87,5,2,2.8334267648,11.4511579376
100,4,86,86,5,3,2.8334267648,9.8152782322
202,7,85,85,5,4,2.8334267648,8.1793985268
177,6,84,84,5,5,2.8334267648,6.5435188215
223,8,83,83,5,6,2.8334267648,4.9076391161
204,7,82,82,5,7,2.8334267648,3.2717594107
242,8,81,81,5,8,2.8334267648,1.6358797054
240,8,80,80,5,9,2.8334267648,0
235,8,79,79,5,10,2.8334267648,-1.6358797054
244,8,78,78,5,11,2.8334267648,-3.2717594107
216,7,77,77,5,12,2.8334267648,-4.9076391161
231,8,76,76,5,13,2.8334267648,-6.5435188215
192,7,75,75,5,14,2.8334267648,-8.1793985268
70,3,74,74,5,15,2.8334267648,-9.8152782322
89,3,73,73,5,16,2.8334267648,-11.4511579376
146,5,72,72,5,17,2.8334267648,-13.0870376429
135,5,71,71,5,18,2.8334267648,-14.7229173483
119,4,105,105,6,1,1.4167133824,12.2690977902
101,4,104,104,6,2,1.4167133824,10.6332180849
164,6,103,103,6,3,1.4167133824,8.9973383795
178,6,102,102,6,4,1.4167133824,7.3614586741
203,7,101,101,6,5,1.4167133824,5.7255789688
222,8,100,100,6,6,1.4167133824,4.0896992634
241,8,99,99,6,7,1.4167133824,2.453819558
249,8,98,98,6,8,1.4167133824,0.8179398527
248,8,97,97,6,9,1.4167133824,-0.8179398527
245,8,96,96,6,10,1.4167133824,-2.453819558
234,8,95,95,6,11,1.4167133824,-4.0896992634
232,8,94,94,6,12,1.4167133824,-5.7255789688
217,7,93,93,6,13,1.4167133824,-7.3614586741
191,7,92,92,6,14,1.4167133824,-8.9973383795
71,3,91,91,6,15,1.4167133824,-10.6332180849
148,5,90,90,6,16,1.4167133824,-12.2690977902
134,5,89,89,6,17,1.4167133824,-13.9049774956
118,4,123,123,7,1,0,13.0870376429
102,4,122,122,7,2,0,11.4511579376
163,6,121,121,7,3,0,9.8152782322
179,6,120,120,7,4,0,8.1793985268
33,2,119,119,7,5,0,6.5435188215
32,2,118,118,7,6,0,4.9076391161
18,1,117,117,7,7,0,3.2717594107
5,1,116,116,7,8,0,1.6358797054
4,1,115,115,7,9,0,0
247,8,114,114,7,10,0,-1.6358797054
246,8,113,113,7,11,0,-3.2717594107
233,8,112,112,7,12,0,-4.9076391161
219,7,111,111,7,13,0,-6.5435188215
218,7,110,110,7,14,0,-8.1793985268
72,3,109,109,7,15,0,-9.8152782322
88,3,108,108,7,16,0,-11.4511579376
149,5,107,107,7,17,0,-13.0870376429
133,5,106,106,7,18,0,-14.7229173483
117,4,140,140,8,1,-1.4167133824,12.2690977902
103,4,139,139,8,2,-1.4167133824,10.6332180849
180,6,138,138,8,3,-1.4167133824,8.9973383795
60,2,137,137,8,4,-1.4167133824,7.3614586741
34,2,136,136,8,5,-1.4167133824,5.7255789688
19,1,135,135,8,6,-1.4167133824,4.0896992634
17,1,134,134,8,7,-1.4167133824,2.453819558
6,1,133,133,8,8,-1.4167133824,0.8179398527
3,1,132,132,8,9,-1.4167133824,-0.8179398527
2,1,131,131,8,10,-1.4167133824,-2.453819558
10,1,130,130,8,11,-1.4167133824,-4.0896992634
29,1,129,129,8,12,-1.4167133824,-5.7255789688
48,2,128,128,8,13,-1.4167133824,-7.3614586741
73,3,127,127,8,14,-1.4167133824,-8.9973383795
87,3,126,126,8,15,-1.4167133824,-10.6332180849
150,5,125,125,8,16,-1.4167133824,-12.2690977902
132,5,124,124,8,17,-1.4167133824,-13.9049774956
116,4,158,158,9,1,-2.8334267648,13.0870376429
105,4,157,157,9,2,-2.8334267648,11.4511579376
162,6,156,156,9,3,-2.8334267648,9.8152782322
181,6,155,155,9,4,-2.8334267648,8.1793985268
59,2,154,154,9,5,-2.8334267648,6.5435188215
35,2,153,153,9,6,-2.8334267648,4.9076391161
20,1,152,152,9,7,-2.8334267648,3.2717594107
16,1,151,151,9,8,-2.8334267648,1.6358797054
7,1,150,150,9,9,-2.8334267648,0
9,1,149,149,9,10,-2.8334267648,-1.6358797054
11,1,148,148,9,11,-2.8334267648,-3.2717594107
28,1,147,147,9,12,-2.8334267648,-4.9076391161
47,2,146,146,9,13,-2.8334267648,-6.5435188215
49,2,145,145,9,14,-2.8334267648,-8.1793985268
74,3,144,144,9,15,-2.8334267648,-9.8152782322
86,3,143,143,9,16,-2.8334267648,-11.4511579376
151,5,142,142,9,17,-2.8334267648,-13.0870376429
131,5,141,141,9,18,-2.8334267648,-14.7229173483
115,4,175,175,10,1,-4.2501401471,12.2690977902
106,4,174,174,10,2,-4.2501401471,10.6332180849
161,6,173,173,10,3,-4.2501401471,8.9973383795
183,6,172,172,10,4,-4.2501401471,7.3614586741
58,2,171,171,10,5,-4.2501401471,5.7255789688
36,2,170,170,10,6,-4.2501401471,4.0896992634
21,1,169,169,10,7,-4.2501401471,2.453819558
14,1,168,168,10,8,-4.2501401471,0.8179398527
13,1,167,167,10,9,-4.2501401471,-0.8179398527
12,1,166,166,10,10,-4.2501401471,-2.453819558
27,1,165,165,10,11,-4.2501401471,-4.0896992634
45,2,164,164,10,12,-4.2501401471,-5.7255789688
50,2,163,163,10,13,-4.2501401471,-7.3614586741
75,3,162,162,10,14,-4.2501401471,-8.9973383795
84,3,161,161,10,15,-4.2501401471,-10.6332180849
152,5,160,160,10,16,-4.2501401471,-12.2690977902
130,5,159,159,10,17,-4.2501401471,-13.9049774956
,,193,193,11,1,-5.6668535295,13.0870376429
113,4,192,192,11,2,-5.6668535295,11.4511579376
107,4,191,191,11,3,-5.6668535295,9.8152782322
160,6,190,190,11,4,-5.6668535295,8.1793985268
184,6,189,189,11,5,-5.6668535295,6.5435188215
57,2,188,188,11,6,-5.6668535295,4.9076391161
37,2,187,187,11,7,-5.6668535295,3.2717594107
22,1,186,186,11,8,-5.6668535295,1.6358797054
24,1,185,185,11,9,-5.6668535295,0
25,1,184,184,11,10,-5.6668535295,-1.6358797054
26,1,183,183,11,11,-5.6668535295,-3.2717594107
44,2,182,182,11,12,-5.6668535295,-4.9076391161
51,2,181,181,11,13,-5.6668535295,-6.5435188215
76,3,180,180,11,14,-5.6668535295,-8.1793985268
83,3,179,179,11,15,-5.6668535295,-9.8152782322
153,5,178,178,11,16,-5.6668535295,-11.4511579376
129,5,177,177,11,17,-5.6668535295,-13.0870376429
,,176,176,11,18,-5.6668535295,-14.7229173483
,,210,210,12,1,-7.0835669119,12.2690977902
112,4,209,209,12,2,-7.0835669119,10.6332180849
108,4,208,208,12,3,-7.0835669119,8.9973383795
159,6,207,207,12,4,-7.0835669119,7.3614586741
185,6,206,206,12,5,-7.0835669119,5.7255789688
56,2,205,205,12,6,-7.0835669119,4.0896992634
39,2,204,204,12,7,-7.0835669119,2.453819558
40,2,203,203,12,8,-7.0835669119,0.8179398527
41,2,202,202,12,9,-7.0835669119,-0.8179398527
42,2,201,201,12,10,-7.0835669119,-2.453819558
43,2,200,200,12,11,-7.0835669119,-4.0896992634
52,2,199,199,12,12,-7.0835669119,-5.7255789688
78,3,198,198,12,13,-7.0835669119,-7.3614586741
82,3,197,197,12,14,-7.0835669119,-8.9973383795
154,5,196,196,12,15,-7.0835669119,-10.6332180849
128,5,195,195,12,16,-7.0835669119,-12.2690977902
,,194,194,12,17,-7.0835669119,-13.9049774956
,,228,228,13,1,-8.5002802943,13.0870376429
,,227,227,13,2,-8.5002802943,11.4511579376
111,4,226,226,13,3,-8.5002802943,9.8152782322
110,4,225,225,13,4,-8.5002802943,8.1793985268
109,4,224,224,13,5,-8.5002802943,6.5435188215
186,6,223,223,13,6,-8.5002802943,4.9076391161
187,6,222,222,13,7,-8.5002802943,3.2717594107
188,6,221,221,13,8,-8.5002802943,1.6358797054
55,2,220,220,13,9,-8.5002802943,0
53,2,219,219,13,10,-8.5002802943,-1.6358797054
81,3,218,218,13,11,-8.5002802943,-3.2717594107
80,3,217,217,13,12,-8.5002802943,-4.9076391161
79,3,216,216,13,13,-8.5002802943,-6.5435188215
156,5,215,215,13,14,-8.5002802943,-8.1793985268
155,5,214,214,13,15,-8.5002802943,-9.8152782322
127,5,213,213,13,16,-8.5002802943,-11.4511579376
,,212,212,13,17,-8.5002802943,-13.0870376429
,,211,211,13,18,-8.5002802943,-14.7229173483
